"Products";"ProductName";"CompanyName";"Price"
"10000";"Ingersoll Rand 80 Gallon Type-30 Reciprocating Air Compressor";"Covanta Holding Corporation";"953.64"
"10001";"\"Great Neck Saw Ra38 3/8\"\" Drive Forward And Reverse Ratchet\"";"Wesco Distribution";"661.87"
"10002";"12-volt Lith-ion Drill W/ Bonus Case & 150-piece Socket Set";"Advance Auto Parts";"455.88"
"10003";"Eclipse 900-206 Helping Hands With Solder Iron Holder - 2.5x";"Nustar Energy";"447.56"
"10004";"\"Rockwell Shopseries 7 Amp 1/2\"\" Hammer Drill\"";"W. R. Berkley Corporation";"99.3"
"10005";"Vim Products 12mm Triple Square Bit";"Martin Marietta Materials";"319.65"
"10006";"Surebonder Ultra-mini Dual Temperature Glue Gun";"General Electric Capital Corporation";"168.24"
"10007";"Makita Mklxt311fh 18 Volt Drill And Impact Kit";"Cummins";"976.95"
"10008";"Retractable Screw-holder With Magnetic Tip";"Cablevision Systems Corp";"552.09"
"10009";"\"Dremel Mm501 1/16\"\" Grout Removal Blade\"";"The Cheesecake Factoryorporated";"103.36"
"10010";"Powerbuilt Soldering Gun Kit";"Dr Pepper Snapple Group";"718.72"
"10011";"Ingersoll Rand Impact 1/2";"Land O'lakes";"668.53"
"10012";"Dewalt Power Tools 18 Volt Compact Lithium Ion Drill Driver & Impact Driver Comb";"Henry Schein";"221.31"
"10013";"Ad Tech Hi-temp Project Pro Mini Size Glue Gun";"Corningorporated";"620.46"
"10014";"Powryte Dual Action Air Sander";"";""
"10015";"Bostitch 18v Lithium Drill/impact Combo Kit";"";""
"10016";"Dremel 7700-1/15 7.2-volt Multipro Cordless Rotary Kit With 15 Accessories";"Nustar Energy";"491.71"
"10017";"Surebonder Wide Crown Pneumatic Stapler";"Bnsf Railway Company";"18.18"
"10018";"Buffalo Tools 19 Piece Hole Saw Set";"Ross Stores";"992.27"
"10019";"Primefit 1-gallon";"";""
"10020";"Lumberjack Tools Hsbk1 Home Series Beginners Kit";"Lennar Corporation";"468.74"
"10021";"\"Bosch 6335-01 7 Amp 1/2\"\" Corded Drill\"";"Comcast Corporation";"58.5"
"10022";"Dremel Multi-max Mm40 Tool Kit";"";""
"10023";"\"Bostitch .5\"\" Vsr 2-speed Hammerdrill/drill And Bonus 5-piece Masonry Set Bundle\"";"Mgm Resorts International";"945.28"
"10024";"Campbell Hausfeld Brad Nailer And Stapler";"Con-way";"514.6"
"10025";"Ingersoll Rand 705-93 Trigger";"Hawaiian Electric Industries";"152.86"
"10026";"Crawford Storehorse Folding Sawhorse";"Pinnacle West Capital Corporation";"801.23"
"10027";"Bostitch Gravity Feed Spray Air Gun";"";""
"10028";"Black & Decker 1/4 Sheet Finisher Sander";"";""
"10029";"Skil 360 Quick-select 4v Max 1.5ah Lithium-ion Screwdriver";"";""
"10030";"Dremel Universal Carbide Flush Cut Blade";"";""
"10031";"Black & Decker 20-volt Matrix Drill";"";""
"10032";"Stack-on Steel Diy Workbench So-382b";"Bio-rad Laboratories";"285.51"
"10033";"Got Air Heavy Duty Portable Air Compressor";"";""
"10034";"Wagner Ht3500 Heat Gun";"The Bank Of New York Mellon Corporation";"767.13"
"10035";"Stanley Fatmax 7a Hammer Drill";"";""
"10036";"Surebonder Mini Dual Temperature Glue Gun";"Sealed Air Corporation";"514.07"
"10037";"Gmc Power Equipment 1.6 Gallon Gmc Syclone 1610a Ultra Quiet And Oil-free Air Compressor";"Kelly Services";"904.37"
"10038";"\"Hitachi 8 1/2\"\" Sliding Compound Miter Saw With Laser Marker & Led Light\"";"Benchmark Electronics";"928.05"
"10039";"Pro-lift I-4506 6in Buffer / Polisher";"Lpl Financial";"453.94"
"10040";"Hitachi 18-volt Lithium-ion Cordless Impact Driver";"";""
"10041";"Numax 18 Gauge 2 In 1 Brad Nailer & Stapler";"At&t";"352.89"
"10042";"Ingersoll Rand 0.5 Port Ptfe Diaphragm Pump With Polypropylene Seat";"Group";"304.27"
"10043";"Stanley Black & Decker Dw304pk Dw 10 Amp Reciprocating Saw Kit";"Schnitzer Steel Industries";"595.26"
"10044";"California Air Tools 1.6 Gallon Ultra Quiet And Oil-free 1.0 Hp Aluminum Tank Air Compressor";"American Tower Corporation";"371.24"
"10045";"Masterflow 12v 3-in-1 Turbo-boost Air Compressor / Inflator / Deflator";"Office Depot";"165.32"
"10046";"Bosch Power Tools 29 Piece High Speed Steel Drill Set With Metal Case 96029";"Hospira";"705.32"
"10047";"Atd Tools Atd-10836 3. 6-volt Cordless Rechargeable Screwdriver Kit";"Yum! Brands";"876.15"
"10048";"Black And Decker Dwdcd780c2 20v Max Lithium Ion Compact Drill Driver Kit";"Amerisourcebergen";"631.07"
